{
  "annotations": {
    "list": [
      {
        "builtIn": 1,
        "datasource": {
          "type": "datasource",
          "uid": "grafana"
        },
        "enable": true,
        "hide": true,
        "iconColor": "rgba(0, 211, 255, 1)",
        "name": "Annotations & Alerts",
        "type": "dashboard"
      }
    ]
  },
  "editable": true,
  "fiscalYearStartMonth": 0,
  "graphTooltip": 0,
  "id": 26,
  "links": [],
  "liveNow": false,
  "panels": [
    {
      "collapse": false,
      "collapsed": false,
      "datasource": {
        "type": "prometheus",
        "uid": "prometheus"
      },
      "gridPos": {
        "h": 1,
        "w": 24,
        "x": 0,
        "y": 0
      },
      "id": 2,
      "panels": [],
      "showTitle": true,
      "targets": [
        {
          "datasource": {
            "type": "prometheus",
            "uid": "prometheus"
          },
          "refId": "A"
        }
      ],
      "title": "Current Bandwidth",
      "titleSize": "h6",
      "type": "row"
    },
    {
      "aliasColors": {},
      "bars": true,
      "dashLength": 10,
      "dashes": false,
      "datasource": {
        "uid": "$datasource"
      },
      "fill": 2,
      "fillGradient": 0,
      "gridPos": {
        "h": 9,
        "w": 12,
        "x": 0,
        "y": 1
      },
      "hiddenSeries": false,
      "id": 3,
      "legend": {
        "alignAsTable": true,
        "avg": false,
        "current": true,
        "hideEmpty": true,
        "hideZero": true,
        "max": false,
        "min": false,
        "rightSide": true,
        "show": true,
        "sort": "current",
        "sortDesc": true,
        "total": false,
        "values": true
      },
      "lines": false,
      "linewidth": 1,
      "links": [],
      "minSpan": 24,
      "nullPointMode": "null",
      "options": {
        "alertThreshold": true
      },
      "paceLength": 10,
      "percentage": false,
      "pluginVersion": "9.5.3",
      "pointradius": 5,
      "points": false,
      "renderer": "flot",
      "seriesOverrides": [],
      "spaceLength": 10,
      "span": 24,
      "stack": false,
      "steppedLine": false,
      "targets": [
        {
          "datasource": {
            "uid": "$datasource"
          },
          "expr": "sort_desc(sum(irate(container_network_receive_bytes_total{cluster=\"$cluster\",namespace=\"$namespace\"}[$interval:$resolution])\n* on (namespace,pod)\ngroup_left(workload,workload_type) namespace_workload_pod:kube_pod_owner:relabel{cluster=\"$cluster\",namespace=\"$namespace\", workload=~\".+\", workload_type=\"$type\"}) by (workload))\n",
          "format": "time_series",
          "intervalFactor": 1,
          "legendFormat": "{{ workload }}",
          "refId": "A",
          "step": 10
        }
      ],
      "thresholds": [],
      "timeRegions": [],
      "title": "Current Rate of Bytes Received",
      "tooltip": {
        "shared": true,
        "sort": 2,
        "value_type": "individual"
      },
      "type": "graph",
      "xaxis": {
        "mode": "series",
        "show": false,
        "values": [
          "current"
        ]
      },
      "yaxes": [
        {
          "format": "Bps",
          "logBase": 1,
          "min": 0,
          "show": true
        },
        {
          "format": "Bps",
          "logBase": 1,
          "min": 0,
          "show": true
        }
      ],
      "yaxis": {
        "align": false
      }
    },
    {
      "aliasColors": {},
      "bars": true,
      "dashLength": 10,
      "dashes": false,
      "datasource": {
        "uid": "$datasource"
      },
      "fill": 2,
      "fillGradient": 0,
      "gridPos": {
        "h": 9,
        "w": 12,
        "x": 12,
        "y": 1
      },
      "hiddenSeries": false,
      "id": 4,
      "legend": {
        "alignAsTable": true,
        "avg": false,
        "current": true,
        "hideEmpty": true,
        "hideZero": true,
        "max": false,
        "min": false,
        "rightSide": true,
        "show": true,
        "sort": "current",
        "sortDesc": true,
        "total": false,
        "values": true
      },
      "lines": false,
      "linewidth": 1,
      "links": [],
      "minSpan": 24,
      "nullPointMode": "null",
      "options": {
        "alertThreshold": true
      },
      "paceLength": 10,
      "percentage": false,
      "pluginVersion": "9.5.3",
      "pointradius": 5,
      "points": false,
      "renderer": "flot",
      "seriesOverrides": [],
      "spaceLength": 10,
      "span": 24,
      "stack": false,
      "steppedLine": false,
      "targets": [
        {
          "datasource": {
            "uid": "$datasource"
          },
          "expr": "sort_desc(sum(irate(container_network_transmit_bytes_total{cluster=\"$cluster\",namespace=\"$namespace\"}[$interval:$resolution])\n* on (namespace,pod)\ngroup_left(workload,workload_type) namespace_workload_pod:kube_pod_owner:relabel{cluster=\"$cluster\",namespace=\"$namespace\", workload=~\".+\", workload_type=\"$type\"}) by (workload))\n",
          "format": "time_series",
          "intervalFactor": 1,
          "legendFormat": "{{ workload }}",
          "refId": "A",
          "step": 10
        }
      ],
      "thresholds": [],
      "timeRegions": [],
      "title": "Current Rate of Bytes Transmitted",
      "tooltip": {
        "shared": true,
        "sort": 2,
        "value_type": "individual"
      },
      "type": "graph",
      "xaxis": {
        "mode": "series",
        "show": false,
        "values": [
          "current"
        ]
      },
      "yaxes": [
        {
          "format": "Bps",
          "logBase": 1,
          "min": 0,
          "show": true
        },
        {
          "format": "Bps",
          "logBase": 1,
          "min": 0,
          "show": true
        }
      ],
      "yaxis": {
        "align": false
      }
    },
    {
      "columns": [
        {
          "text": "Time",
          "value": "Time"
        },
        {
          "text": "Value #A",
          "value": "Value #A"
        },
        {
          "text": "Value #B",
          "value": "Value #B"
        },
        {
          "text": "Value #C",
          "value": "Value #C"
        },
        {
          "text": "Value #D",
          "value": "Value #D"
        },
        {
          "text": "Value #E",
          "value": "Value #E"
        },
        {
          "text": "Value #F",
          "value": "Value #F"
        },
        {
          "text": "Value #G",
          "value": "Value #G"
        },
        {
          "text": "Value #H",
          "value": "Value #H"
        },
        {
          "text": "workload",
          "value": "workload"
        }
      ],
      "datasource": {
        "uid": "$datasource"
      },
      "fill": 1,
      "fontSize": "90%",
      "gridPos": {
        "h": 9,
        "w": 24,
        "x": 0,
        "y": 10
      },
      "id": 5,
      "lines": true,
      "linewidth": 1,
      "links": [],
      "minSpan": 24,
      "nullPointMode": "null as zero",
      "renderer": "flot",
      "scroll": true,
      "showHeader": true,
      "sort": {
        "col": 0,
        "desc": false
      },
      "spaceLength": 10,
      "span": 24,
      "styles": [
        {
          "alias": "Time",
          "align": "auto",
          "colors": [],
          "dateFormat": "YYYY-MM-DD HH:mm:ss",
          "decimals": 2,
          "link": false,
          "linkTooltip": "Drill down",
          "linkUrl": "",
          "pattern": "Time",
          "thresholds": [],
          "type": "hidden",
          "unit": "short"
        },
        {
          "alias": "Current Bandwidth Received",
          "align": "auto",
          "colors": [],
          "dateFormat": "YYYY-MM-DD HH:mm:ss",
          "decimals": 2,
          "link": false,
          "linkTooltip": "Drill down",
          "linkUrl": "",
          "pattern": "Value #A",
          "thresholds": [],
          "type": "number",
          "unit": "Bps"
        },
        {
          "alias": "Current Bandwidth Transmitted",
          "align": "auto",
          "colors": [],
          "dateFormat": "YYYY-MM-DD HH:mm:ss",
          "decimals": 2,
          "link": false,
          "linkTooltip": "Drill down",
          "linkUrl": "",
          "pattern": "Value #B",
          "thresholds": [],
          "type": "number",
          "unit": "Bps"
        },
        {
          "alias": "Average Bandwidth Received",
          "align": "auto",
          "colors": [],
          "dateFormat": "YYYY-MM-DD HH:mm:ss",
          "decimals": 2,
          "link": false,
          "linkTooltip": "Drill down",
          "linkUrl": "",
          "pattern": "Value #C",
          "thresholds": [],
          "type": "number",
          "unit": "Bps"
        },
        {
          "alias": "Average Bandwidth Transmitted",
          "align": "auto",
          "colors": [],
          "dateFormat": "YYYY-MM-DD HH:mm:ss",
          "decimals": 2,
          "link": false,
          "linkTooltip": "Drill down",
          "linkUrl": "",
          "pattern": "Value #D",
          "thresholds": [],
          "type": "number",
          "unit": "Bps"
        },
        {
          "alias": "Rate of Received Packets",
          "align": "auto",
          "colors": [],
          "dateFormat": "YYYY-MM-DD HH:mm:ss",
          "decimals": 2,
          "link": false,
          "linkTooltip": "Drill down",
          "linkUrl": "",
          "pattern": "Value #E",
          "thresholds": [],
          "type": "number",
          "unit": "pps"
        },
        {
          "alias": "Rate of Transmitted Packets",
          "align": "auto",
          "colors": [],
          "dateFormat": "YYYY-MM-DD HH:mm:ss",
          "decimals": 2,
          "link": false,
          "linkTooltip": "Drill down",
          "linkUrl": "",
          "pattern": "Value #F",
          "thresholds": [],
          "type": "number",
          "unit": "pps"
        },
        {
          "alias": "Rate of Received Packets Dropped",
          "align": "auto",
          "colors": [],
          "dateFormat": "YYYY-MM-DD HH:mm:ss",
          "decimals": 2,
          "link": false,
          "linkTooltip": "Drill down",
          "linkUrl": "",
          "pattern": "Value #G",
          "thresholds": [],
          "type": "number",
          "unit": "pps"
        },
        {
          "alias": "Rate of Transmitted Packets Dropped",
          "align": "auto",
          "colors": [],
          "dateFormat": "YYYY-MM-DD HH:mm:ss",
          "decimals": 2,
          "link": false,
          "linkTooltip": "Drill down",
          "linkUrl": "",
          "pattern": "Value #H",
          "thresholds": [],
          "type": "number",
          "unit": "pps"
        },
        {
          "alias": "Workload",
          "align": "auto",
          "colors": [],
          "dateFormat": "YYYY-MM-DD HH:mm:ss",
          "decimals": 2,
          "link": true,
          "linkTooltip": "Drill down",
          "linkUrl": "d/728bf77cc1166d2f3133bf25846876cc/kubernetes-networking-workload?orgId=1&refresh=30s&var-namespace=$namespace&var-type=$type&var-workload=$__cell",
          "pattern": "workload",
          "thresholds": [],
          "type": "number",
          "unit": "short"
        }
      ],
      "targets": [
        {
          "datasource": {
            "uid": "$datasource"
          },
          "expr": "sort_desc(sum(irate(container_network_receive_bytes_total{cluster=\"$cluster\",namespace=\"$namespace\"}[$interval:$resolution])\n* on (namespace,pod)\ngroup_left(workload,workload_type) namespace_workload_pod:kube_pod_owner:relabel{cluster=\"$cluster\",namespace=\"$namespace\", workload=~\".+\", workload_type=\"$type\"}) by (workload))\n",
          "format": "table",
          "instant": true,
          "intervalFactor": 2,
          "legendFormat": "",
          "refId": "A",
          "step": 10
        },
        {
          "datasource": {
            "uid": "$datasource"
          },
          "expr": "sort_desc(sum(irate(container_network_transmit_bytes_total{cluster=\"$cluster\",namespace=\"$namespace\"}[$interval:$resolution])\n* on (namespace,pod)\ngroup_left(workload,workload_type) namespace_workload_pod:kube_pod_owner:relabel{cluster=\"$cluster\",namespace=\"$namespace\", workload=~\".+\", workload_type=\"$type\"}) by (workload))\n",
          "format": "table",
          "instant": true,
          "intervalFactor": 2,
          "legendFormat": "",
          "refId": "B",
          "step": 10
        },
        {
          "datasource": {
            "uid": "$datasource"
          },
          "expr": "sort_desc(avg(irate(container_network_receive_bytes_total{cluster=\"$cluster\",namespace=\"$namespace\"}[$interval:$resolution])\n* on (namespace,pod)\ngroup_left(workload,workload_type) namespace_workload_pod:kube_pod_owner:relabel{cluster=\"$cluster\",namespace=\"$namespace\", workload=~\".+\", workload_type=\"$type\"}) by (workload))\n",
          "format": "table",
          "instant": true,
          "intervalFactor": 2,
          "legendFormat": "",
          "refId": "C",
          "step": 10
        },
        {
          "datasource": {
            "uid": "$datasource"
          },
          "expr": "sort_desc(avg(irate(container_network_transmit_bytes_total{cluster=\"$cluster\",namespace=\"$namespace\"}[$interval:$resolution])\n* on (namespace,pod)\ngroup_left(workload,workload_type) namespace_workload_pod:kube_pod_owner:relabel{cluster=\"$cluster\",namespace=\"$namespace\", workload=~\".+\", workload_type=\"$type\"}) by (workload))\n",
          "format": "table",
          "instant": true,
          "intervalFactor": 2,
          "legendFormat": "",
          "refId": "D",
          "step": 10
        },
        {
          "datasource": {
            "uid": "$datasource"
          },
          "expr": "sort_desc(sum(irate(container_network_receive_packets_total{cluster=\"$cluster\",namespace=\"$namespace\"}[$interval:$resolution])\n* on (namespace,pod)\ngroup_left(workload,workload_type) namespace_workload_pod:kube_pod_owner:relabel{cluster=\"$cluster\",namespace=\"$namespace\", workload=~\".+\", workload_type=\"$type\"}) by (workload))\n",
          "format": "table",
          "instant": true,
          "intervalFactor": 2,
          "legendFormat": "",
          "refId": "E",
          "step": 10
        },
        {
          "datasource": {
            "uid": "$datasource"
          },
          "expr": "sort_desc(sum(irate(container_network_transmit_packets_total{cluster=\"$cluster\",namespace=\"$namespace\"}[$interval:$resolution])\n* on (namespace,pod)\ngroup_left(workload,workload_type) namespace_workload_pod:kube_pod_owner:relabel{cluster=\"$cluster\",namespace=\"$namespace\", workload=~\".+\", workload_type=\"$type\"}) by (workload))\n",
          "format": "table",
          "instant": true,
          "intervalFactor": 2,
          "legendFormat": "",
          "refId": "F",
          "step": 10
        },
        {
          "datasource": {
            "uid": "$datasource"
          },
          "expr": "sort_desc(sum(irate(container_network_receive_packets_dropped_total{cluster=\"$cluster\",namespace=\"$namespace\"}[$interval:$resolution])\n* on (namespace,pod)\ngroup_left(workload,workload_type) namespace_workload_pod:kube_pod_owner:relabel{cluster=\"$cluster\",namespace=\"$namespace\", workload=~\".+\", workload_type=\"$type\"}) by (workload))\n",
          "format": "table",
          "instant": true,
          "intervalFactor": 2,
          "legendFormat": "",
          "refId": "G",
          "step": 10
        },
        {
          "datasource": {
            "uid": "$datasource"
          },
          "expr": "sort_desc(sum(irate(container_network_transmit_packets_dropped_total{cluster=\"$cluster\",namespace=\"$namespace\"}[$interval:$resolution])\n* on (namespace,pod)\ngroup_left(workload,workload_type) namespace_workload_pod:kube_pod_owner:relabel{cluster=\"$cluster\",namespace=\"$namespace\", workload=~\".+\", workload_type=\"$type\"}) by (workload))\n",
          "format": "table",
          "instant": true,
          "intervalFactor": 2,
          "legendFormat": "",
          "refId": "H",
          "step": 10
        }
      ],
      "title": "Current Status",
      "transform": "table",
      "type": "table-old"
    },
    {
      "collapse": true,
      "collapsed": true,
      "datasource": {
        "type": "prometheus",
        "uid": "prometheus"
      },
      "gridPos": {
        "h": 1,
        "w": 24,
        "x": 0,
        "y": 19
      },
      "id": 6,
      "panels": [
        {
          "aliasColors": {},
          "bars": true,
          "dashLength": 10,
          "dashes": false,
          "datasource": {
            "uid": "$datasource"
          },
          "fill": 2,
          "fillGradient": 0,
          "gridPos": {
            "h": 9,
            "w": 12,
            "x": 0,
            "y": 20
          },
          "id": 7,
          "legend": {
            "alignAsTable": true,
            "avg": false,
            "current": true,
            "hideEmpty": true,
            "hideZero": true,
            "max": false,
            "min": false,
            "rightSide": true,
            "show": true,
            "sort": "current",
            "sortDesc": true,
            "total": false,
            "values": true
          },
          "lines": false,
          "linewidth": 1,
          "links": [],
          "minSpan": 24,
          "nullPointMode": "null",
          "paceLength": 10,
          "percentage": false,
          "pointradius": 5,
          "points": false,
          "renderer": "flot",
          "seriesOverrides": [],
          "spaceLength": 10,
          "span": 24,
          "stack": false,
          "steppedLine": false,
          "targets": [
            {
              "datasource": {
                "uid": "$datasource"
              },
              "expr": "sort_desc(avg(irate(container_network_receive_bytes_total{cluster=\"$cluster\",namespace=\"$namespace\"}[$interval:$resolution])\n* on (namespace,pod)\ngroup_left(workload,workload_type) namespace_workload_pod:kube_pod_owner:relabel{cluster=\"$cluster\",namespace=\"$namespace\", workload=~\".+\", workload_type=\"$type\"}) by (workload))\n",
              "format": "time_series",
              "intervalFactor": 1,
              "legendFormat": "{{ workload }}",
              "refId": "A",
              "step": 10
            }
          ],
          "thresholds": [],
          "title": "Average Rate of Bytes Received",
          "tooltip": {
            "shared": true,
            "sort": 2,
            "value_type": "individual"
          },
          "type": "graph",
          "xaxis": {
            "mode": "series",
            "show": false,
            "values": [
              "current"
            ]
          },
          "yaxes": [
            {
              "format": "Bps",
              "logBase": 1,
              "min": 0,
              "show": true
            },
            {
              "format": "Bps",
              "logBase": 1,
              "min": 0,
              "show": true
            }
          ]
        },
        {
          "aliasColors": {},
          "bars": true,
          "dashLength": 10,
          "dashes": false,
          "datasource": {
            "uid": "$datasource"
          },
          "fill": 2,
          "fillGradient": 0,
          "gridPos": {
            "h": 9,
            "w": 12,
            "x": 12,
            "y": 20
          },
          "id": 8,
          "legend": {
            "alignAsTable": true,
            "avg": false,
            "current": true,
            "hideEmpty": true,
            "hideZero": true,
            "max": false,
            "min": false,
            "rightSide": true,
            "show": true,
            "sort": "current",
            "sortDesc": true,
            "total": false,
            "values": true
          },
          "lines": false,
          "linewidth": 1,
          "links": [],
          "minSpan": 24,
          "nullPointMode": "null",
          "paceLength": 10,
          "percentage": false,
          "pointradius": 5,
          "points": false,
          "renderer": "flot",
          "seriesOverrides": [],
          "spaceLength": 10,
          "span": 24,
          "stack": false,
          "steppedLine": false,
          "targets": [
            {
              "datasource": {
                "uid": "$datasource"
              },
              "expr": "sort_desc(avg(irate(container_network_transmit_bytes_total{cluster=\"$cluster\",namespace=\"$namespace\"}[$interval:$resolution])\n* on (namespace,pod)\ngroup_left(workload,workload_type) namespace_workload_pod:kube_pod_owner:relabel{cluster=\"$cluster\",namespace=\"$namespace\", workload=~\".+\", workload_type=\"$type\"}) by (workload))\n",
              "format": "time_series",
              "intervalFactor": 1,
              "legendFormat": "{{ workload }}",
              "refId": "A",
              "step": 10
            }
          ],
          "thresholds": [],
          "title": "Average Rate of Bytes Transmitted",
          "tooltip": {
            "shared": true,
            "sort": 2,
            "value_type": "individual"
          },
          "type": "graph",
          "xaxis": {
            "mode": "series",
            "show": false,
            "values": [
              "current"
            ]
          },
          "yaxes": [
            {
              "format": "Bps",
              "logBase": 1,
              "min": 0,
              "show": true
            },
            {
              "format": "Bps",
              "logBase": 1,
              "min": 0,
              "show": true
            }
          ]
        }
      ],
      "showTitle": true,
      "targets": [
        {
          "datasource": {
            "type": "prometheus",
            "uid": "prometheus"
          },
          "refId": "A"
        }
      ],
      "title": "Average Bandwidth",
      "titleSize": "h6",
      "type": "row"
    },
    {
      "collapse": false,
      "collapsed": false,
      "datasource": {
        "type": "prometheus",
        "uid": "prometheus"
      },
      "gridPos": {
        "h": 1,
        "w": 24,
        "x": 0,
        "y": 20
      },
      "id": 9,
      "panels": [],
      "showTitle": true,
      "targets": [
        {
          "datasource": {
            "type": "prometheus",
            "uid": "prometheus"
          },
          "refId": "A"
        }
      ],
      "title": "Bandwidth HIstory",
      "titleSize": "h6",
      "type": "row"
    },
    {
      "aliasColors": {},
      "bars": false,
      "dashLength": 10,
      "dashes": false,
      "datasource": {
        "uid": "$datasource"
      },
      "fill": 2,
      "fillGradient": 0,
      "gridPos": {
        "h": 9,
        "w": 12,
        "x": 0,
        "y": 21
      },
      "id": 10,
      "legend": {
        "alignAsTable": false,
        "avg": false,
        "current": false,
        "hideEmpty": true,
        "hideZero": true,
        "max": false,
        "min": false,
        "rightSide": false,
        "show": true,
        "total": false,
        "values": false
      },
      "lines": true,
      "linewidth": 2,
      "links": [],
      "minSpan": 12,
      "nullPointMode": "connected",
      "paceLength": 10,
      "percentage": false,
      "pointradius": 5,
      "points": false,
      "renderer": "flot",
      "seriesOverrides": [],
      "spaceLength": 10,
      "span": 12,
      "stack": true,
      "steppedLine": false,
      "targets": [
        {
          "datasource": {
            "uid": "$datasource"
          },
          "expr": "sort_desc(sum(irate(container_network_receive_bytes_total{cluster=\"$cluster\",namespace=\"$namespace\"}[$interval:$resolution])\n* on (namespace,pod)\ngroup_left(workload,workload_type) namespace_workload_pod:kube_pod_owner:relabel{cluster=\"$cluster\",namespace=\"$namespace\", workload=~\".+\", workload_type=\"$type\"}) by (workload))\n",
          "format": "time_series",
          "intervalFactor": 1,
          "legendFormat": "{{workload}}",
          "refId": "A",
          "step": 10
        }
      ],
      "thresholds": [],
      "title": "Receive Bandwidth",
      "tooltip": {
        "shared": true,
        "sort": 2,
        "value_type": "individual"
      },
      "type": "graph",
      "xaxis": {
        "mode": "time",
        "show": true,
        "values": []
      },
      "yaxes": [
        {
          "format": "Bps",
          "logBase": 1,
          "min": 0,
          "show": true
        },
        {
          "format": "Bps",
          "logBase": 1,
          "min": 0,
          "show": true
        }
      ]
    },
    {
      "aliasColors": {},
      "bars": false,
      "dashLength": 10,
      "dashes": false,
      "datasource": {
        "uid": "$datasource"
      },
      "fill": 2,
      "fillGradient": 0,
      "gridPos": {
        "h": 9,
        "w": 12,
        "x": 12,
        "y": 21
      },
      "id": 11,
      "legend": {
        "alignAsTable": false,
        "avg": false,
        "current": false,
        "hideEmpty": true,
        "hideZero": true,
        "max": false,
        "min": false,
        "rightSide": false,
        "show": true,
        "total": false,
        "values": false
      },
      "lines": true,
      "linewidth": 2,
      "links": [],
      "minSpan": 12,
      "nullPointMode": "connected",
      "paceLength": 10,
      "percentage": false,
      "pointradius": 5,
      "points": false,
      "renderer": "flot",
      "seriesOverrides": [],
      "spaceLength": 10,
      "span": 12,
      "stack": true,
      "steppedLine": false,
      "targets": [
        {
          "datasource": {
            "uid": "$datasource"
          },
          "expr": "sort_desc(sum(irate(container_network_transmit_bytes_total{cluster=\"$cluster\",namespace=\"$namespace\"}[$interval:$resolution])\n* on (namespace,pod)\ngroup_left(workload,workload_type) namespace_workload_pod:kube_pod_owner:relabel{cluster=\"$cluster\",namespace=\"$namespace\", workload=~\".+\", workload_type=\"$type\"}) by (workload))\n",
          "format": "time_series",
          "intervalFactor": 1,
          "legendFormat": "{{workload}}",
          "refId": "A",
          "step": 10
        }
      ],
      "thresholds": [],
      "title": "Transmit Bandwidth",
      "tooltip": {
        "shared": true,
        "sort": 2,
        "value_type": "individual"
      },
      "type": "graph",
      "xaxis": {
        "mode": "time",
        "show": true,
        "values": []
      },
      "yaxes": [
        {
          "format": "Bps",
          "logBase": 1,
          "min": 0,
          "show": true
        },
        {
          "format": "Bps",
          "logBase": 1,
          "min": 0,
          "show": true
        }
      ]
    },
    {
      "collapse": true,
      "collapsed": true,
      "datasource": {
        "type": "prometheus",
        "uid": "prometheus"
      },
      "gridPos": {
        "h": 1,
        "w": 24,
        "x": 0,
        "y": 30
      },
      "id": 12,
      "panels": [
        {
          "aliasColors": {},
          "bars": false,
          "dashLength": 10,
          "dashes": false,
          "datasource": {
            "uid": "$datasource"
          },
          "fill": 2,
          "fillGradient": 0,
          "gridPos": {
            "h": 9,
            "w": 12,
            "x": 0,
            "y": 40
          },
          "id": 13,
          "legend": {
            "alignAsTable": false,
            "avg": false,
            "current": false,
            "hideEmpty": true,
            "hideZero": true,
            "max": false,
            "min": false,
            "rightSide": false,
            "show": true,
            "total": false,
            "values": false
          },
          "lines": true,
          "linewidth": 2,
          "links": [],
          "minSpan": 12,
          "nullPointMode": "connected",
          "paceLength": 10,
          "percentage": false,
          "pointradius": 5,
          "points": false,
          "renderer": "flot",
          "seriesOverrides": [],
          "spaceLength": 10,
          "span": 12,
          "stack": true,
          "steppedLine": false,
          "targets": [
            {
              "datasource": {
                "uid": "$datasource"
              },
              "expr": "sort_desc(sum(irate(container_network_receive_packets_total{cluster=\"$cluster\",namespace=\"$namespace\"}[$interval:$resolution])\n* on (namespace,pod)\ngroup_left(workload,workload_type) namespace_workload_pod:kube_pod_owner:relabel{cluster=\"$cluster\",namespace=\"$namespace\", workload=~\".+\", workload_type=\"$type\"}) by (workload))\n",
              "format": "time_series",
              "intervalFactor": 1,
              "legendFormat": "{{workload}}",
              "refId": "A",
              "step": 10
            }
          ],
          "thresholds": [],
          "title": "Rate of Received Packets",
          "tooltip": {
            "shared": true,
            "sort": 2,
            "value_type": "individual"
          },
          "type": "graph",
          "xaxis": {
            "mode": "time",
            "show": true,
            "values": []
          },
          "yaxes": [
            {
              "format": "pps",
              "logBase": 1,
              "min": 0,
              "show": true
            },
            {
              "format": "pps",
              "logBase": 1,
              "min": 0,
              "show": true
            }
          ]
        },
        {
          "aliasColors": {},
          "bars": false,
          "dashLength": 10,
          "dashes": false,
          "datasource": {
            "uid": "$datasource"
          },
          "fill": 2,
          "fillGradient": 0,
          "gridPos": {
            "h": 9,
            "w": 12,
            "x": 12,
            "y": 40
          },
          "id": 14,
          "legend": {
            "alignAsTable": false,
            "avg": false,
            "current": false,
            "hideEmpty": true,
            "hideZero": true,
            "max": false,
            "min": false,
            "rightSide": false,
            "show": true,
            "total": false,
            "values": false
          },
          "lines": true,
          "linewidth": 2,
          "links": [],
          "minSpan": 12,
          "nullPointMode": "connected",
          "paceLength": 10,
          "percentage": false,
          "pointradius": 5,
          "points": false,
          "renderer": "flot",
          "seriesOverrides": [],
          "spaceLength": 10,
          "span": 12,
          "stack": true,
          "steppedLine": false,
          "targets": [
            {
              "datasource": {
                "uid": "$datasource"
              },
              "expr": "sort_desc(sum(irate(container_network_transmit_packets_total{cluster=\"$cluster\",namespace=\"$namespace\"}[$interval:$resolution])\n* on (namespace,pod)\ngroup_left(workload,workload_type) namespace_workload_pod:kube_pod_owner:relabel{cluster=\"$cluster\",namespace=\"$namespace\", workload=~\".+\", workload_type=\"$type\"}) by (workload))\n",
              "format": "time_series",
              "intervalFactor": 1,
              "legendFormat": "{{workload}}",
              "refId": "A",
              "step": 10
            }
          ],
          "thresholds": [],
          "title": "Rate of Transmitted Packets",
          "tooltip": {
            "shared": true,
            "sort": 2,
            "value_type": "individual"
          },
          "type": "graph",
          "xaxis": {
            "mode": "time",
            "show": true,
            "values": []
          },
          "yaxes": [
            {
              "format": "pps",
              "logBase": 1,
              "min": 0,
              "show": true
            },
            {
              "format": "pps",
              "logBase": 1,
              "min": 0,
              "show": true
            }
          ]
        }
      ],
      "showTitle": true,
      "targets": [
        {
          "datasource": {
            "type": "prometheus",
            "uid": "prometheus"
          },
          "refId": "A"
        }
      ],
      "title": "Packets",
      "titleSize": "h6",
      "type": "row"
    },
    {
      "collapse": true,
      "collapsed": true,
      "datasource": {
        "type": "prometheus",
        "uid": "prometheus"
      },
      "gridPos": {
        "h": 1,
        "w": 24,
        "x": 0,
        "y": 31
      },
      "id": 15,
      "panels": [
        {
          "aliasColors": {},
          "bars": false,
          "dashLength": 10,
          "dashes": false,
          "datasource": {
            "uid": "$datasource"
          },
          "fill": 2,
          "fillGradient": 0,
          "gridPos": {
            "h": 9,
            "w": 12,
            "x": 0,
            "y": 41
          },
          "id": 16,
          "legend": {
            "alignAsTable": false,
            "avg": false,
            "current": false,
            "hideEmpty": true,
            "hideZero": true,
            "max": false,
            "min": false,
            "rightSide": false,
            "show": true,
            "total": false,
            "values": false
          },
          "lines": true,
          "linewidth": 2,
          "links": [],
          "minSpan": 12,
          "nullPointMode": "connected",
          "paceLength": 10,
          "percentage": false,
          "pointradius": 5,
          "points": false,
          "renderer": "flot",
          "seriesOverrides": [],
          "spaceLength": 10,
          "span": 12,
          "stack": true,
          "steppedLine": false,
          "targets": [
            {
              "datasource": {
                "uid": "$datasource"
              },
              "expr": "sort_desc(sum(irate(container_network_receive_packets_dropped_total{cluster=\"$cluster\",namespace=\"$namespace\"}[$interval:$resolution])\n* on (namespace,pod)\ngroup_left(workload,workload_type) namespace_workload_pod:kube_pod_owner:relabel{cluster=\"$cluster\",namespace=\"$namespace\", workload=~\".+\", workload_type=\"$type\"}) by (workload))\n",
              "format": "time_series",
              "intervalFactor": 1,
              "legendFormat": "{{workload}}",
              "refId": "A",
              "step": 10
            }
          ],
          "thresholds": [],
          "title": "Rate of Received Packets Dropped",
          "tooltip": {
            "shared": true,
            "sort": 2,
            "value_type": "individual"
          },
          "type": "graph",
          "xaxis": {
            "mode": "time",
            "show": true,
            "values": []
          },
          "yaxes": [
            {
              "format": "pps",
              "logBase": 1,
              "min": 0,
              "show": true
            },
            {
              "format": "pps",
              "logBase": 1,
              "min": 0,
              "show": true
            }
          ]
        },
        {
          "aliasColors": {},
          "bars": false,
          "dashLength": 10,
          "dashes": false,
          "datasource": {
            "uid": "$datasource"
          },
          "fill": 2,
          "fillGradient": 0,
          "gridPos": {
            "h": 9,
            "w": 12,
            "x": 12,
            "y": 41
          },
          "id": 17,
          "legend": {
            "alignAsTable": false,
            "avg": false,
            "current": false,
            "hideEmpty": true,
            "hideZero": true,
            "max": false,
            "min": false,
            "rightSide": false,
            "show": true,
            "total": false,
            "values": false
          },
          "lines": true,
          "linewidth": 2,
          "links": [],
          "minSpan": 12,
          "nullPointMode": "connected",
          "paceLength": 10,
          "percentage": false,
          "pointradius": 5,
          "points": false,
          "renderer": "flot",
          "seriesOverrides": [],
          "spaceLength": 10,
          "span": 12,
          "stack": true,
          "steppedLine": false,
          "targets": [
            {
              "datasource": {
                "uid": "$datasource"
              },
              "expr": "sort_desc(sum(irate(container_network_transmit_packets_dropped_total{cluster=\"$cluster\",namespace=\"$namespace\"}[$interval:$resolution])\n* on (namespace,pod)\ngroup_left(workload,workload_type) namespace_workload_pod:kube_pod_owner:relabel{cluster=\"$cluster\",namespace=\"$namespace\", workload=~\".+\", workload_type=\"$type\"}) by (workload))\n",
              "format": "time_series",
              "intervalFactor": 1,
              "legendFormat": "{{workload}}",
              "refId": "A",
              "step": 10
            }
          ],
          "thresholds": [],
          "title": "Rate of Transmitted Packets Dropped",
          "tooltip": {
            "shared": true,
            "sort": 2,
            "value_type": "individual"
          },
          "type": "graph",
          "xaxis": {
            "mode": "time",
            "show": true,
            "values": []
          },
          "yaxes": [
            {
              "format": "pps",
              "logBase": 1,
              "min": 0,
              "show": true
            },
            {
              "format": "pps",
              "logBase": 1,
              "min": 0,
              "show": true
            }
          ]
        }
      ],
      "showTitle": true,
      "targets": [
        {
          "datasource": {
            "type": "prometheus",
            "uid": "prometheus"
          },
          "refId": "A"
        }
      ],
      "title": "Errors",
      "titleSize": "h6",
      "type": "row"
    }
  ],
  "refresh": "10s",
  "schemaVersion": 38,
  "style": "dark",
  "tags": [
    "kubernetes-mixin"
  ],
  "templating": {
    "list": [
      {
        "current": {
          "selected": false,
          "text": "default",
          "value": "default"
        },
        "hide": 0,
        "includeAll": false,
        "label": "Data Source",
        "multi": false,
        "name": "datasource",
        "options": [],
        "query": "prometheus",
        "refresh": 1,
        "regex": "",
        "skipUrlSync": false,
        "type": "datasource"
      },
      {
        "current": {
          "isNone": true,
          "selected": false,
          "text": "None",
          "value": ""
        },
        "datasource": {
          "type": "prometheus",
          "uid": "$datasource"
        },
        "definition": "",
        "hide": 2,
        "includeAll": false,
        "multi": false,
        "name": "cluster",
        "options": [],
        "query": "label_values(up{job=\"kubelet\", metrics_path=\"/metrics/cadvisor\"}, cluster)",
        "refresh": 2,
        "regex": "",
        "skipUrlSync": false,
        "sort": 0,
        "tagValuesQuery": "",
        "tagsQuery": "",
        "type": "query",
        "useTags": false
      },
      {
        "auto": false,
        "auto_count": 30,
        "auto_min": "10s",
        "current": {
          "selected": false,
          "text": "kube-system",
          "value": "kube-system"
        },
        "datasource": {
          "type": "prometheus",
          "uid": "$datasource"
        },
        "definition": "label_values(container_network_receive_packets_total{cluster=\"$cluster\"}, namespace)",
        "hide": 0,
        "includeAll": false,
        "multi": false,
        "name": "namespace",
        "options": [],
        "query": "label_values(container_network_receive_packets_total{cluster=\"$cluster\"}, namespace)",
        "refresh": 2,
        "regex": "",
        "skipUrlSync": false,
        "sort": 1,
        "tagValuesQuery": "",
        "tagsQuery": "",
        "type": "query",
        "useTags": false
      },
      {
        "auto": false,
        "auto_count": 30,
        "auto_min": "10s",
        "current": {
          "selected": false,
          "text": "deployment",
          "value": "deployment"
        },
        "datasource": {
          "type": "prometheus",
          "uid": "$datasource"
        },
        "definition": "label_values(namespace_workload_pod:kube_pod_owner:relabel{cluster=\"$cluster\",namespace=\"$namespace\", workload=~\".+\"}, workload_type)",
        "hide": 0,
        "includeAll": false,
        "multi": false,
        "name": "type",
        "options": [],
        "query": "label_values(namespace_workload_pod:kube_pod_owner:relabel{cluster=\"$cluster\",namespace=\"$namespace\", workload=~\".+\"}, workload_type)",
        "refresh": 2,
        "regex": "",
        "skipUrlSync": false,
        "sort": 0,
        "tagValuesQuery": "",
        "tagsQuery": "",
        "type": "query",
        "useTags": false
      },
      {
        "auto": false,
        "auto_count": 30,
        "auto_min": "10s",
        "current": {
          "selected": false,
          "text": "5m",
          "value": "5m"
        },
        "datasource": "$datasource",
        "hide": 0,
        "includeAll": false,
        "multi": false,
        "name": "resolution",
        "options": [
          {
            "selected": false,
            "text": "30s",
            "value": "30s"
          },
          {
            "selected": true,
            "text": "5m",
            "value": "5m"
          },
          {
            "selected": false,
            "text": "1h",
            "value": "1h"
          }
        ],
        "query": "30s,5m,1h",
        "refresh": 2,
        "regex": "",
        "skipUrlSync": false,
        "sort": 1,
        "tagValuesQuery": "",
        "tagsQuery": "",
        "type": "interval",
        "useTags": false
      },
      {
        "auto": false,
        "auto_count": 30,
        "auto_min": "10s",
        "current": {
          "selected": false,
          "text": "4h",
          "value": "4h"
        },
        "datasource": "$datasource",
        "hide": 2,
        "includeAll": false,
        "multi": false,
        "name": "interval",
        "options": [
          {
            "selected": true,
            "text": "4h",
            "value": "4h"
          }
        ],
        "query": "4h",
        "refresh": 2,
        "regex": "",
        "skipUrlSync": false,
        "sort": 1,
        "tagValuesQuery": "",
        "tagsQuery": "",
        "type": "interval",
        "useTags": false
      }
    ]
  },
  "time": {
    "from": "now-1h",
    "to": "now"
  },
  "timepicker": {
    "refresh_intervals": [
      "5s",
      "10s",
      "30s",
      "1m",
      "5m",
      "15m",
      "30m",
      "1h",
      "2h",
      "1d"
    ],
    "time_options": [
      "5m",
      "15m",
      "1h",
      "6h",
      "12h",
      "24h",
      "2d",
      "7d",
      "30d"
    ]
  },
  "timezone": "utc",
  "title": "Kubernetes / Networking / Namespace (Workload)",
  "uid": "bbb2a765a623ae38130206c7d94a160f",
  "version": 1,
  "weekStart": ""
}