{
  "annotations": {
    "list": [
      {
        "builtIn": 1,
        "datasource": {
          "type": "grafana",
          "uid": "-- Grafana --"
        },
        "enable": true,
        "hide": true,
        "iconColor": "rgba(0, 211, 255, 1)",
        "name": "Annotations & Alerts",
        "type": "dashboard"
      }
    ]
  },
  "editable": true,
  "fiscalYearStartMonth": 0,
  "graphTooltip": 0,
  "id": 3,
  "links": [],
  "liveNow": false,
  "panels": [
    {
      "collapsed": false,
      "datasource": {
        "type": "prometheus",
        "uid": "prometheus"
      },
      "gridPos": {
        "h": 1,
        "w": 24,
        "x": 0,
        "y": 0
      },
      "id": 11,
      "panels": [],
      "targets": [
        {
          "datasource": {
            "type": "prometheus",
            "uid": "prometheus"
          },
          "refId": "A"
        }
      ],
      "title": "Headlines",
      "type": "row"
    },
    {
      "datasource": {
        "uid": "$datasource"
      },
      "fieldConfig": {
        "defaults": {
          "color": {
            "mode": "thresholds"
          },
          "mappings": [],
          "thresholds": {
            "mode": "absolute",
            "steps": [
              {
                "color": "green",
                "value": null
              },
              {
                "color": "red",
                "value": 80
              }
            ]
          },
          "unit": "percentunit"
        },
        "overrides": []
      },
      "gridPos": {
        "h": 3,
        "w": 4,
        "x": 0,
        "y": 1
      },
      "id": 1,
      "interval": "1m",
      "links": [],
      "options": {
        "colorMode": "none",
        "graphMode": "none",
        "justifyMode": "auto",
        "orientation": "horizontal",
        "reduceOptions": {
          "calcs": [
            "mean"
          ],
          "fields": "",
          "values": false
        },
        "textMode": "auto"
      },
      "pluginVersion": "9.5.3",
      "targets": [
        {
          "datasource": {
            "uid": "$datasource"
          },
          "expr": "cluster:node_cpu:ratio_rate5m",
          "format": "time_series",
          "instant": true,
          "intervalFactor": 2,
          "refId": "A"
        }
      ],
      "title": "CPU Utilisation",
      "type": "stat"
    },
    {
      "datasource": {
        "uid": "$datasource"
      },
      "fieldConfig": {
        "defaults": {
          "color": {
            "mode": "thresholds"
          },
          "mappings": [],
          "thresholds": {
            "mode": "absolute",
            "steps": [
              {
                "color": "green",
                "value": null
              },
              {
                "color": "red",
                "value": 80
              }
            ]
          },
          "unit": "percentunit"
        },
        "overrides": []
      },
      "gridPos": {
        "h": 3,
        "w": 4,
        "x": 4,
        "y": 1
      },
      "id": 2,
      "interval": "1m",
      "links": [],
      "options": {
        "colorMode": "none",
        "graphMode": "none",
        "justifyMode": "auto",
        "orientation": "horizontal",
        "reduceOptions": {
          "calcs": [
            "mean"
          ],
          "fields": "",
          "values": false
        },
        "textMode": "auto"
      },
      "pluginVersion": "9.5.3",
      "targets": [
        {
          "datasource": {
            "uid": "$datasource"
          },
          "expr": "sum(kube_pod_container_resource_requests{job=\"kube-state-metrics\", resource=\"cpu\"}) / sum(kube_node_status_allocatable{job=\"kube-state-metrics\", resource=\"cpu\"})",
          "format": "time_series",
          "instant": true,
          "intervalFactor": 2,
          "refId": "A"
        }
      ],
      "title": "CPU Requests Commitment",
      "type": "stat"
    },
    {
      "datasource": {
        "uid": "$datasource"
      },
      "fieldConfig": {
        "defaults": {
          "color": {
            "mode": "thresholds"
          },
          "mappings": [],
          "thresholds": {
            "mode": "absolute",
            "steps": [
              {
                "color": "green",
                "value": null
              },
              {
                "color": "red",
                "value": 80
              }
            ]
          },
          "unit": "percentunit"
        },
        "overrides": []
      },
      "gridPos": {
        "h": 3,
        "w": 4,
        "x": 8,
        "y": 1
      },
      "id": 3,
      "interval": "1m",
      "links": [],
      "options": {
        "colorMode": "none",
        "graphMode": "none",
        "justifyMode": "auto",
        "orientation": "horizontal",
        "reduceOptions": {
          "calcs": [
            "mean"
          ],
          "fields": "",
          "values": false
        },
        "textMode": "auto"
      },
      "pluginVersion": "9.5.3",
      "targets": [
        {
          "datasource": {
            "uid": "$datasource"
          },
          "expr": "sum(kube_pod_container_resource_limits{job=\"kube-state-metrics\", resource=\"cpu\"}) / sum(kube_node_status_allocatable{job=\"kube-state-metrics\", resource=\"cpu\"})",
          "format": "time_series",
          "instant": true,
          "intervalFactor": 2,
          "refId": "A"
        }
      ],
      "title": "CPU Limits Commitment",
      "type": "stat"
    },
    {
      "datasource": {
        "uid": "$datasource"
      },
      "fieldConfig": {
        "defaults": {
          "color": {
            "mode": "thresholds"
          },
          "mappings": [],
          "thresholds": {
            "mode": "absolute",
            "steps": [
              {
                "color": "green",
                "value": null
              },
              {
                "color": "red",
                "value": 80
              }
            ]
          },
          "unit": "percentunit"
        },
        "overrides": []
      },
      "gridPos": {
        "h": 3,
        "w": 4,
        "x": 12,
        "y": 1
      },
      "id": 4,
      "interval": "1m",
      "links": [],
      "options": {
        "colorMode": "none",
        "graphMode": "none",
        "justifyMode": "auto",
        "orientation": "horizontal",
        "reduceOptions": {
          "calcs": [
            "mean"
          ],
          "fields": "",
          "values": false
        },
        "textMode": "auto"
      },
      "pluginVersion": "9.5.3",
      "targets": [
        {
          "datasource": {
            "uid": "$datasource"
          },
          "expr": "1 - sum(:node_memory_MemAvailable_bytes:sum) / sum(node_memory_MemTotal_bytes{job=\"node-exporter\"})",
          "format": "time_series",
          "instant": true,
          "intervalFactor": 2,
          "refId": "A"
        }
      ],
      "title": "Memory Utilisation",
      "type": "stat"
    },
    {
      "datasource": {
        "uid": "$datasource"
      },
      "fieldConfig": {
        "defaults": {
          "color": {
            "mode": "thresholds"
          },
          "mappings": [],
          "thresholds": {
            "mode": "absolute",
            "steps": [
              {
                "color": "green",
                "value": null
              },
              {
                "color": "red",
                "value": 80
              }
            ]
          },
          "unit": "percentunit"
        },
        "overrides": []
      },
      "gridPos": {
        "h": 3,
        "w": 4,
        "x": 16,
        "y": 1
      },
      "id": 5,
      "interval": "1m",
      "links": [],
      "options": {
        "colorMode": "none",
        "graphMode": "none",
        "justifyMode": "auto",
        "orientation": "horizontal",
        "reduceOptions": {
          "calcs": [
            "mean"
          ],
          "fields": "",
          "values": false
        },
        "textMode": "auto"
      },
      "pluginVersion": "9.5.3",
      "targets": [
        {
          "datasource": {
            "uid": "$datasource"
          },
          "expr": "sum(kube_pod_container_resource_requests{job=\"kube-state-metrics\", resource=\"memory\"}) / sum(kube_node_status_allocatable{job=\"kube-state-metrics\", resource=\"memory\"})",
          "format": "time_series",
          "instant": true,
          "intervalFactor": 2,
          "refId": "A"
        }
      ],
      "title": "Memory Requests Commitment",
      "type": "stat"
    },
    {
      "datasource": {
        "uid": "$datasource"
      },
      "fieldConfig": {
        "defaults": {
          "color": {
            "mode": "thresholds"
          },
          "mappings": [],
          "thresholds": {
            "mode": "absolute",
            "steps": [
              {
                "color": "green",
                "value": null
              },
              {
                "color": "red",
                "value": 80
              }
            ]
          },
          "unit": "percentunit"
        },
        "overrides": []
      },
      "gridPos": {
        "h": 3,
        "w": 4,
        "x": 20,
        "y": 1
      },
      "id": 6,
      "interval": "1m",
      "links": [],
      "options": {
        "colorMode": "none",
        "graphMode": "none",
        "justifyMode": "auto",
        "orientation": "horizontal",
        "reduceOptions": {
          "calcs": [
            "mean"
          ],
          "fields": "",
          "values": false
        },
        "textMode": "auto"
      },
      "pluginVersion": "9.5.3",
      "targets": [
        {
          "datasource": {
            "uid": "$datasource"
          },
          "expr": "sum(kube_pod_container_resource_limits{job=\"kube-state-metrics\", resource=\"memory\"}) / sum(kube_node_status_allocatable{job=\"kube-state-metrics\", resource=\"memory\"})",
          "format": "time_series",
          "instant": true,
          "intervalFactor": 2,
          "refId": "A"
        }
      ],
      "title": "Memory Limits Commitment",
      "type": "stat"
    },
    {
      "collapsed": false,
      "datasource": {
        "type": "prometheus",
        "uid": "prometheus"
      },
      "gridPos": {
        "h": 1,
        "w": 24,
        "x": 0,
        "y": 4
      },
      "id": 12,
      "panels": [],
      "targets": [
        {
          "datasource": {
            "type": "prometheus",
            "uid": "prometheus"
          },
          "refId": "A"
        }
      ],
      "title": "CPU",
      "type": "row"
    },
    {
      "aliasColors": {},
      "bars": false,
      "dashLength": 10,
      "dashes": false,
      "datasource": {
        "uid": "$datasource"
      },
      "fill": 0,
      "fillGradient": 0,
      "gridPos": {
        "h": 7,
        "w": 24,
        "x": 0,
        "y": 5
      },
      "hiddenSeries": false,
      "id": 7,
      "interval": "1m",
      "legend": {
        "alignAsTable": true,
        "avg": false,
        "current": false,
        "max": false,
        "min": false,
        "rightSide": true,
        "show": true,
        "total": false,
        "values": false
      },
      "lines": true,
      "linewidth": 2,
      "links": [],
      "nullPointMode": "null as zero",
      "options": {
        "alertThreshold": true
      },
      "percentage": false,
      "pluginVersion": "9.5.3",
      "pointradius": 5,
      "points": false,
      "renderer": "flot",
      "seriesOverrides": [],
      "spaceLength": 10,
      "stack": false,
      "steppedLine": false,
      "targets": [
        {
          "datasource": {
            "uid": "$datasource"
          },
          "expr": "sum(node_namespace_pod_container:container_cpu_usage_seconds_total:sum_irate) by (cluster)",
          "format": "time_series",
          "intervalFactor": 2,
          "legendFormat": "{{cluster}}",
          "refId": "A",
          "step": 10
        }
      ],
      "thresholds": [],
      "timeRegions": [],
      "title": "CPU Usage",
      "tooltip": {
        "shared": false,
        "sort": 2,
        "value_type": "individual"
      },
      "type": "graph",
      "xaxis": {
        "mode": "time",
        "show": true,
        "values": []
      },
      "yaxes": [
        {
          "format": "short",
          "logBase": 1,
          "min": 0,
          "show": true
        },
        {
          "format": "short",
          "logBase": 1,
          "show": false
        }
      ],
      "yaxis": {
        "align": false
      }
    },
    {
      "collapsed": false,
      "datasource": {
        "type": "prometheus",
        "uid": "prometheus"
      },
      "gridPos": {
        "h": 1,
        "w": 24,
        "x": 0,
        "y": 12
      },
      "id": 13,
      "panels": [],
      "targets": [
        {
          "datasource": {
            "type": "prometheus",
            "uid": "prometheus"
          },
          "refId": "A"
        }
      ],
      "title": "CPU Quota",
      "type": "row"
    },
    {
      "aliasColors": {},
      "bars": false,
      "columns": [],
      "dashLength": 10,
      "dashes": false,
      "datasource": {
        "uid": "$datasource"
      },
      "fill": 1,
      "fontSize": "100%",
      "gridPos": {
        "h": 7,
        "w": 24,
        "x": 0,
        "y": 13
      },
      "id": 8,
      "interval": "1m",
      "legend": {
        "alignAsTable": true,
        "avg": false,
        "current": false,
        "max": false,
        "min": false,
        "rightSide": true,
        "show": true,
        "total": false,
        "values": false
      },
      "lines": true,
      "linewidth": 1,
      "links": [],
      "nullPointMode": "null as zero",
      "percentage": false,
      "pointradius": 5,
      "points": false,
      "renderer": "flot",
      "seriesOverrides": [],
      "showHeader": true,
      "sort": {
        "col": 0,
        "desc": true
      },
      "spaceLength": 10,
      "stack": false,
      "steppedLine": false,
      "styles": [
        {
          "alias": "Time",
          "align": "auto",
          "dateFormat": "YYYY-MM-DD HH:mm:ss",
          "pattern": "Time",
          "type": "hidden"
        },
        {
          "alias": "CPU Usage",
          "align": "auto",
          "colors": [],
          "dateFormat": "YYYY-MM-DD HH:mm:ss",
          "decimals": 2,
          "link": false,
          "linkTargetBlank": false,
          "linkTooltip": "Drill down",
          "linkUrl": "",
          "pattern": "Value #A",
          "thresholds": [],
          "type": "number",
          "unit": "short"
        },
        {
          "alias": "CPU Requests",
          "align": "auto",
          "colors": [],
          "dateFormat": "YYYY-MM-DD HH:mm:ss",
          "decimals": 2,
          "link": false,
          "linkTargetBlank": false,
          "linkTooltip": "Drill down",
          "linkUrl": "",
          "pattern": "Value #B",
          "thresholds": [],
          "type": "number",
          "unit": "short"
        },
        {
          "alias": "CPU Requests %",
          "align": "auto",
          "colors": [],
          "dateFormat": "YYYY-MM-DD HH:mm:ss",
          "decimals": 2,
          "link": false,
          "linkTargetBlank": false,
          "linkTooltip": "Drill down",
          "linkUrl": "",
          "pattern": "Value #C",
          "thresholds": [],
          "type": "number",
          "unit": "percentunit"
        },
        {
          "alias": "CPU Limits",
          "align": "auto",
          "colors": [],
          "dateFormat": "YYYY-MM-DD HH:mm:ss",
          "decimals": 2,
          "link": false,
          "linkTargetBlank": false,
          "linkTooltip": "Drill down",
          "linkUrl": "",
          "pattern": "Value #D",
          "thresholds": [],
          "type": "number",
          "unit": "short"
        },
        {
          "alias": "CPU Limits %",
          "align": "auto",
          "colors": [],
          "dateFormat": "YYYY-MM-DD HH:mm:ss",
          "decimals": 2,
          "link": false,
          "linkTargetBlank": false,
          "linkTooltip": "Drill down",
          "linkUrl": "",
          "pattern": "Value #E",
          "thresholds": [],
          "type": "number",
          "unit": "percentunit"
        },
        {
          "alias": "Cluster",
          "align": "auto",
          "colors": [],
          "dateFormat": "YYYY-MM-DD HH:mm:ss",
          "decimals": 2,
          "link": true,
          "linkTargetBlank": false,
          "linkTooltip": "Drill down",
          "linkUrl": "/d/efa86fd1d0c121a26444b636a3f509a8/k8s-resources-cluster?var-datasource=$datasource&var-cluster=$__cell",
          "pattern": "cluster",
          "thresholds": [],
          "type": "number",
          "unit": "short"
        },
        {
          "alias": "",
          "align": "auto",
          "colors": [],
          "dateFormat": "YYYY-MM-DD HH:mm:ss",
          "decimals": 2,
          "pattern": "/.*/",
          "thresholds": [],
          "type": "string",
          "unit": "short"
        }
      ],
      "targets": [
        {
          "datasource": {
            "uid": "$datasource"
          },
          "expr": "sum(node_namespace_pod_container:container_cpu_usage_seconds_total:sum_irate) by (cluster)",
          "format": "table",
          "instant": true,
          "intervalFactor": 2,
          "legendFormat": "",
          "refId": "A",
          "step": 10
        },
        {
          "datasource": {
            "uid": "$datasource"
          },
          "expr": "sum(kube_pod_container_resource_requests{job=\"kube-state-metrics\", resource=\"cpu\"}) by (cluster)",
          "format": "table",
          "instant": true,
          "intervalFactor": 2,
          "legendFormat": "",
          "refId": "B",
          "step": 10
        },
        {
          "datasource": {
            "uid": "$datasource"
          },
          "expr": "sum(node_namespace_pod_container:container_cpu_usage_seconds_total:sum_irate) by (cluster) / sum(kube_pod_container_resource_requests{job=\"kube-state-metrics\", resource=\"cpu\"}) by (cluster)",
          "format": "table",
          "instant": true,
          "intervalFactor": 2,
          "legendFormat": "",
          "refId": "C",
          "step": 10
        },
        {
          "datasource": {
            "uid": "$datasource"
          },
          "expr": "sum(kube_pod_container_resource_limits{job=\"kube-state-metrics\", resource=\"cpu\"}) by (cluster)",
          "format": "table",
          "instant": true,
          "intervalFactor": 2,
          "legendFormat": "",
          "refId": "D",
          "step": 10
        },
        {
          "datasource": {
            "uid": "$datasource"
          },
          "expr": "sum(node_namespace_pod_container:container_cpu_usage_seconds_total:sum_irate) by (cluster) / sum(kube_pod_container_resource_limits{job=\"kube-state-metrics\", resource=\"cpu\"}) by (cluster)",
          "format": "table",
          "instant": true,
          "intervalFactor": 2,
          "legendFormat": "",
          "refId": "E",
          "step": 10
        }
      ],
      "thresholds": [],
      "title": "CPU Quota",
      "tooltip": {
        "shared": false,
        "sort": 2,
        "value_type": "individual"
      },
      "transform": "timeseries_to_rows",
      "type": "table-old",
      "xaxis": {
        "mode": "time",
        "show": true,
        "values": []
      },
      "yaxes": [
        {
          "format": "short",
          "logBase": 1,
          "min": 0,
          "show": true
        },
        {
          "format": "short",
          "logBase": 1,
          "show": false
        }
      ]
    },
    {
      "collapsed": false,
      "datasource": {
        "type": "prometheus",
        "uid": "prometheus"
      },
      "gridPos": {
        "h": 1,
        "w": 24,
        "x": 0,
        "y": 20
      },
      "id": 14,
      "panels": [],
      "targets": [
        {
          "datasource": {
            "type": "prometheus",
            "uid": "prometheus"
          },
          "refId": "A"
        }
      ],
      "title": "Memory",
      "type": "row"
    },
    {
      "aliasColors": {},
      "bars": false,
      "dashLength": 10,
      "dashes": false,
      "datasource": {
        "uid": "$datasource"
      },
      "fill": 0,
      "gridPos": {
        "h": 7,
        "w": 24,
        "x": 0,
        "y": 21
      },
      "id": 9,
      "interval": "1m",
      "legend": {
        "alignAsTable": true,
        "avg": false,
        "current": false,
        "max": false,
        "min": false,
        "rightSide": true,
        "show": true,
        "total": false,
        "values": false
      },
      "lines": true,
      "linewidth": 2,
      "links": [],
      "nullPointMode": "null as zero",
      "percentage": false,
      "pointradius": 5,
      "points": false,
      "renderer": "flot",
      "seriesOverrides": [],
      "spaceLength": 10,
      "stack": false,
      "steppedLine": false,
      "targets": [
        {
          "datasource": {
            "uid": "$datasource"
          },
          "expr": "sum(container_memory_rss{job=\"kubelet\", metrics_path=\"/metrics/cadvisor\", container!=\"\"}) by (cluster)",
          "format": "time_series",
          "intervalFactor": 2,
          "legendFormat": "{{cluster}}",
          "refId": "A",
          "step": 10
        }
      ],
      "thresholds": [],
      "title": "Memory Usage (w/o cache)",
      "tooltip": {
        "shared": false,
        "sort": 2,
        "value_type": "individual"
      },
      "type": "graph",
      "xaxis": {
        "mode": "time",
        "show": true,
        "values": []
      },
      "yaxes": [
        {
          "format": "bytes",
          "logBase": 1,
          "min": 0,
          "show": true
        },
        {
          "format": "short",
          "logBase": 1,
          "show": false
        }
      ]
    },
    {
      "collapsed": false,
      "datasource": {
        "type": "prometheus",
        "uid": "prometheus"
      },
      "gridPos": {
        "h": 1,
        "w": 24,
        "x": 0,
        "y": 28
      },
      "id": 15,
      "panels": [],
      "targets": [
        {
          "datasource": {
            "type": "prometheus",
            "uid": "prometheus"
          },
          "refId": "A"
        }
      ],
      "title": "Memory Requests",
      "type": "row"
    },
    {
      "aliasColors": {},
      "bars": false,
      "dashLength": 10,
      "dashes": false,
      "datasource": {
        "uid": "$datasource"
      },
      "fill": 1,
      "gridPos": {
        "h": 7,
        "w": 24,
        "x": 0,
        "y": 29
      },
      "id": 10,
      "interval": "1m",
      "legend": {
        "alignAsTable": true,
        "avg": false,
        "current": false,
        "max": false,
        "min": false,
        "rightSide": true,
        "show": true,
        "total": false,
        "values": false
      },
      "lines": true,
      "linewidth": 1,
      "links": [],
      "nullPointMode": "null as zero",
      "percentage": false,
      "pointradius": 5,
      "points": false,
      "renderer": "flot",
      "seriesOverrides": [],
      "spaceLength": 10,
      "stack": false,
      "steppedLine": false,
      "styles": [
        {
          "alias": "Time",
          "align": "auto",
          "dateFormat": "YYYY-MM-DD HH:mm:ss",
          "pattern": "Time",
          "type": "hidden"
        },
        {
          "alias": "Memory Usage",
          "align": "auto",
          "colors": [],
          "dateFormat": "YYYY-MM-DD HH:mm:ss",
          "decimals": 2,
          "link": false,
          "linkTargetBlank": false,
          "linkTooltip": "Drill down",
          "linkUrl": "",
          "pattern": "Value #A",
          "thresholds": [],
          "type": "number",
          "unit": "bytes"
        },
        {
          "alias": "Memory Requests",
          "align": "auto",
          "colors": [],
          "dateFormat": "YYYY-MM-DD HH:mm:ss",
          "decimals": 2,
          "link": false,
          "linkTargetBlank": false,
          "linkTooltip": "Drill down",
          "linkUrl": "",
          "pattern": "Value #B",
          "thresholds": [],
          "type": "number",
          "unit": "bytes"
        },
        {
          "alias": "Memory Requests %",
          "align": "auto",
          "colors": [],
          "dateFormat": "YYYY-MM-DD HH:mm:ss",
          "decimals": 2,
          "link": false,
          "linkTargetBlank": false,
          "linkTooltip": "Drill down",
          "linkUrl": "",
          "pattern": "Value #C",
          "thresholds": [],
          "type": "number",
          "unit": "percentunit"
        },
        {
          "alias": "Memory Limits",
          "align": "auto",
          "colors": [],
          "dateFormat": "YYYY-MM-DD HH:mm:ss",
          "decimals": 2,
          "link": false,
          "linkTargetBlank": false,
          "linkTooltip": "Drill down",
          "linkUrl": "",
          "pattern": "Value #D",
          "thresholds": [],
          "type": "number",
          "unit": "bytes"
        },
        {
          "alias": "Memory Limits %",
          "align": "auto",
          "colors": [],
          "dateFormat": "YYYY-MM-DD HH:mm:ss",
          "decimals": 2,
          "link": false,
          "linkTargetBlank": false,
          "linkTooltip": "Drill down",
          "linkUrl": "",
          "pattern": "Value #E",
          "thresholds": [],
          "type": "number",
          "unit": "percentunit"
        },
        {
          "alias": "Cluster",
          "align": "auto",
          "colors": [],
          "dateFormat": "YYYY-MM-DD HH:mm:ss",
          "decimals": 2,
          "link": true,
          "linkTargetBlank": false,
          "linkTooltip": "Drill down",
          "linkUrl": "/d/efa86fd1d0c121a26444b636a3f509a8/k8s-resources-cluster?var-datasource=$datasource&var-cluster=$__cell",
          "pattern": "cluster",
          "thresholds": [],
          "type": "number",
          "unit": "short"
        },
        {
          "alias": "",
          "align": "auto",
          "colors": [],
          "dateFormat": "YYYY-MM-DD HH:mm:ss",
          "decimals": 2,
          "pattern": "/.*/",
          "thresholds": [],
          "type": "string",
          "unit": "short"
        }
      ],
      "targets": [
        {
          "datasource": {
            "uid": "$datasource"
          },
          "expr": "sum(container_memory_rss{job=\"kubelet\", metrics_path=\"/metrics/cadvisor\", container!=\"\"}) by (cluster)",
          "format": "table",
          "instant": true,
          "intervalFactor": 2,
          "legendFormat": "",
          "refId": "A",
          "step": 10
        },
        {
          "datasource": {
            "uid": "$datasource"
          },
          "expr": "sum(kube_pod_container_resource_requests{job=\"kube-state-metrics\", resource=\"memory\"}) by (cluster)",
          "format": "table",
          "instant": true,
          "intervalFactor": 2,
          "legendFormat": "",
          "refId": "B",
          "step": 10
        },
        {
          "datasource": {
            "uid": "$datasource"
          },
          "expr": "sum(container_memory_rss{job=\"kubelet\", metrics_path=\"/metrics/cadvisor\", container!=\"\"}) by (cluster) / sum(kube_pod_container_resource_requests{job=\"kube-state-metrics\", resource=\"memory\"}) by (cluster)",
          "format": "table",
          "instant": true,
          "intervalFactor": 2,
          "legendFormat": "",
          "refId": "C",
          "step": 10
        },
        {
          "datasource": {
            "uid": "$datasource"
          },
          "expr": "sum(kube_pod_container_resource_limits{job=\"kube-state-metrics\", resource=\"memory\"}) by (cluster)",
          "format": "table",
          "instant": true,
          "intervalFactor": 2,
          "legendFormat": "",
          "refId": "D",
          "step": 10
        },
        {
          "datasource": {
            "uid": "$datasource"
          },
          "expr": "sum(container_memory_rss{job=\"kubelet\", metrics_path=\"/metrics/cadvisor\", container!=\"\"}) by (cluster) / sum(kube_pod_container_resource_limits{job=\"kube-state-metrics\", resource=\"memory\"}) by (cluster)",
          "format": "table",
          "instant": true,
          "intervalFactor": 2,
          "legendFormat": "",
          "refId": "E",
          "step": 10
        }
      ],
      "thresholds": [],
      "title": "Requests by Cluster",
      "tooltip": {
        "shared": false,
        "sort": 2,
        "value_type": "individual"
      },
      "transform": "table",
      "type": "table-old",
      "xaxis": {
        "mode": "time",
        "show": true,
        "values": []
      },
      "yaxes": [
        {
          "format": "short",
          "logBase": 1,
          "min": 0,
          "show": true
        },
        {
          "format": "short",
          "logBase": 1,
          "show": false
        }
      ]
    }
  ],
  "refresh": "10s",
  "schemaVersion": 38,
  "style": "dark",
  "tags": [
    "kubernetes-mixin"
  ],
  "templating": {
    "list": [
      {
        "current": {
          "selected": false,
          "text": "default",
          "value": "default"
        },
        "hide": 0,
        "includeAll": false,
        "label": "Data Source",
        "multi": false,
        "name": "datasource",
        "options": [],
        "query": "prometheus",
        "refresh": 1,
        "regex": "",
        "skipUrlSync": false,
        "type": "datasource"
      }
    ]
  },
  "time": {
    "from": "now-1h",
    "to": "now"
  },
  "timepicker": {
    "refresh_intervals": [
      "5s",
      "10s",
      "30s",
      "1m",
      "5m",
      "15m",
      "30m",
      "1h",
      "2h",
      "1d"
    ],
    "time_options": [
      "5m",
      "15m",
      "1h",
      "6h",
      "12h",
      "24h",
      "2d",
      "7d",
      "30d"
    ]
  },
  "timezone": "utc",
  "title": "Kubernetes / Compute Resources /  Multi-Cluster",
  "uid": "b59e6c9f2fcbe2e16d77fc492374cc4f",
  "version": 1,
  "weekStart": ""
}