{
  "annotations": {
    "list": [
      {
        "builtIn": 1,
        "datasource": {
          "type": "datasource",
          "uid": "grafana"
        },
        "enable": true,
        "hide": true,
        "iconColor": "rgba(0, 211, 255, 1)",
        "name": "Annotations & Alerts",
        "type": "dashboard"
      }
    ]
  },
  "editable": true,
  "fiscalYearStartMonth": 0,
  "graphTooltip": 0,
  "id": 23,
  "links": [],
  "liveNow": false,
  "panels": [
    {
      "collapse": false,
      "collapsed": false,
      "datasource": {
        "type": "prometheus",
        "uid": "prometheus"
      },
      "gridPos": {
        "h": 1,
        "w": 24,
        "x": 0,
        "y": 0
      },
      "id": 2,
      "panels": [],
      "showTitle": true,
      "targets": [
        {
          "datasource": {
            "type": "prometheus",
            "uid": "prometheus"
          },
          "refId": "A"
        }
      ],
      "title": "Current Bandwidth",
      "titleSize": "h6",
      "type": "row"
    },
    {
      "colorBackground": false,
      "colorValue": false,
      "colors": [
        "#299c46",
        "rgba(237, 129, 40, 0.89)",
        "#d44a3a"
      ],
      "datasource": {
        "uid": "$datasource"
      },
      "decimals": 0,
      "fieldConfig": {
        "defaults": {
          "color": {
            "mode": "thresholds"
          },
          "displayName": "$namespace: $pod",
          "mappings": [],
          "max": 10000000000,
          "min": 0,
          "thresholds": {
            "mode": "absolute",
            "steps": [
              {
                "color": "dark-green",
                "index": 0,
                "value": null
              },
              {
                "color": "dark-yellow",
                "index": 1,
                "value": 5000000000
              },
              {
                "color": "dark-red",
                "index": 2,
                "value": 7000000000
              }
            ]
          },
          "unit": "Bps"
        },
        "overrides": []
      },
      "format": "time_series",
      "gauge": {
        "maxValue": 100,
        "minValue": 0,
        "show": false,
        "thresholdLabels": false,
        "thresholdMarkers": true
      },
      "gridPos": {
        "h": 9,
        "w": 12,
        "x": 0,
        "y": 1
      },
      "height": 9,
      "id": 3,
      "links": [],
      "mappingType": 1,
      "mappingTypes": [
        {
          "name": "value to text",
          "value": 1
        },
        {
          "name": "range to text",
          "value": 2
        }
      ],
      "maxDataPoints": 100,
      "minSpan": 12,
      "nullPointMode": "connected",
      "options": {
        "orientation": "auto",
        "reduceOptions": {
          "calcs": [
            "last"
          ],
          "fields": "",
          "values": false
        },
        "showThresholdLabels": false,
        "showThresholdMarkers": true
      },
      "pluginVersion": "9.5.3",
      "postfix": "",
      "postfixFontSize": "50%",
      "prefix": "",
      "prefixFontSize": "50%",
      "rangeMaps": [
        {
          "from": "null",
          "text": "N/A",
          "to": "null"
        }
      ],
      "span": 12,
      "sparkline": {
        "fillColor": "rgba(31, 118, 189, 0.18)",
        "full": false,
        "lineColor": "rgb(31, 120, 193)",
        "show": false
      },
      "tableColumn": "",
      "targets": [
        {
          "datasource": {
            "uid": "$datasource"
          },
          "expr": "sum(irate(container_network_receive_bytes_total{cluster=\"$cluster\",namespace=~\"$namespace\", pod=~\"$pod\"}[$interval:$resolution]))",
          "format": "time_series",
          "intervalFactor": 1,
          "legendFormat": "",
          "refId": "A"
        }
      ],
      "thresholds": "",
      "title": "Current Rate of Bytes Received",
      "type": "gauge",
      "valueFontSize": "80%",
      "valueMaps": [
        {
          "op": "=",
          "text": "N/A",
          "value": "null"
        }
      ],
      "valueName": "current"
    },
    {
      "colorBackground": false,
      "colorValue": false,
      "colors": [
        "#299c46",
        "rgba(237, 129, 40, 0.89)",
        "#d44a3a"
      ],
      "datasource": {
        "uid": "$datasource"
      },
      "decimals": 0,
      "fieldConfig": {
        "defaults": {
          "color": {
            "mode": "thresholds"
          },
          "displayName": "$namespace: $pod",
          "mappings": [],
          "max": 10000000000,
          "min": 0,
          "thresholds": {
            "mode": "absolute",
            "steps": [
              {
                "color": "dark-green",
                "index": 0,
                "value": null
              },
              {
                "color": "dark-yellow",
                "index": 1,
                "value": 5000000000
              },
              {
                "color": "dark-red",
                "index": 2,
                "value": 7000000000
              }
            ]
          },
          "unit": "Bps"
        },
        "overrides": []
      },
      "format": "time_series",
      "gauge": {
        "maxValue": 100,
        "minValue": 0,
        "show": false,
        "thresholdLabels": false,
        "thresholdMarkers": true
      },
      "gridPos": {
        "h": 9,
        "w": 12,
        "x": 12,
        "y": 1
      },
      "height": 9,
      "id": 4,
      "links": [],
      "mappingType": 1,
      "mappingTypes": [
        {
          "name": "value to text",
          "value": 1
        },
        {
          "name": "range to text",
          "value": 2
        }
      ],
      "maxDataPoints": 100,
      "minSpan": 12,
      "nullPointMode": "connected",
      "options": {
        "orientation": "auto",
        "reduceOptions": {
          "calcs": [
            "last"
          ],
          "fields": "",
          "values": false
        },
        "showThresholdLabels": false,
        "showThresholdMarkers": true
      },
      "pluginVersion": "9.5.3",
      "postfix": "",
      "postfixFontSize": "50%",
      "prefix": "",
      "prefixFontSize": "50%",
      "rangeMaps": [
        {
          "from": "null",
          "text": "N/A",
          "to": "null"
        }
      ],
      "span": 12,
      "sparkline": {
        "fillColor": "rgba(31, 118, 189, 0.18)",
        "full": false,
        "lineColor": "rgb(31, 120, 193)",
        "show": false
      },
      "tableColumn": "",
      "targets": [
        {
          "datasource": {
            "uid": "$datasource"
          },
          "expr": "sum(irate(container_network_transmit_bytes_total{cluster=\"$cluster\",namespace=~\"$namespace\", pod=~\"$pod\"}[$interval:$resolution]))",
          "format": "time_series",
          "intervalFactor": 1,
          "legendFormat": "",
          "refId": "A"
        }
      ],
      "thresholds": "",
      "title": "Current Rate of Bytes Transmitted",
      "type": "gauge",
      "valueFontSize": "80%",
      "valueMaps": [
        {
          "op": "=",
          "text": "N/A",
          "value": "null"
        }
      ],
      "valueName": "current"
    },
    {
      "collapse": false,
      "collapsed": false,
      "datasource": {
        "type": "prometheus",
        "uid": "prometheus"
      },
      "gridPos": {
        "h": 1,
        "w": 24,
        "x": 0,
        "y": 10
      },
      "id": 5,
      "panels": [],
      "showTitle": true,
      "targets": [
        {
          "datasource": {
            "type": "prometheus",
            "uid": "prometheus"
          },
          "refId": "A"
        }
      ],
      "title": "Bandwidth",
      "titleSize": "h6",
      "type": "row"
    },
    {
      "aliasColors": {},
      "bars": false,
      "dashLength": 10,
      "dashes": false,
      "datasource": {
        "uid": "$datasource"
      },
      "fill": 2,
      "fillGradient": 0,
      "gridPos": {
        "h": 9,
        "w": 12,
        "x": 0,
        "y": 11
      },
      "hiddenSeries": false,
      "id": 6,
      "legend": {
        "alignAsTable": false,
        "avg": false,
        "current": false,
        "hideEmpty": true,
        "hideZero": true,
        "max": false,
        "min": false,
        "rightSide": false,
        "show": true,
        "total": false,
        "values": false
      },
      "lines": true,
      "linewidth": 2,
      "links": [],
      "minSpan": 12,
      "nullPointMode": "connected",
      "options": {
        "alertThreshold": true
      },
      "paceLength": 10,
      "percentage": false,
      "pluginVersion": "9.5.3",
      "pointradius": 5,
      "points": false,
      "renderer": "flot",
      "seriesOverrides": [],
      "spaceLength": 10,
      "span": 12,
      "stack": true,
      "steppedLine": false,
      "targets": [
        {
          "datasource": {
            "uid": "$datasource"
          },
          "expr": "sum(irate(container_network_receive_bytes_total{cluster=\"$cluster\",namespace=~\"$namespace\", pod=~\"$pod\"}[$interval:$resolution])) by (pod)",
          "format": "time_series",
          "intervalFactor": 1,
          "legendFormat": "{{pod}}",
          "refId": "A",
          "step": 10
        }
      ],
      "thresholds": [],
      "timeRegions": [],
      "title": "Receive Bandwidth",
      "tooltip": {
        "shared": true,
        "sort": 2,
        "value_type": "individual"
      },
      "type": "graph",
      "xaxis": {
        "mode": "time",
        "show": true,
        "values": []
      },
      "yaxes": [
        {
          "format": "Bps",
          "logBase": 1,
          "min": 0,
          "show": true
        },
        {
          "format": "Bps",
          "logBase": 1,
          "min": 0,
          "show": true
        }
      ],
      "yaxis": {
        "align": false
      }
    },
    {
      "aliasColors": {},
      "bars": false,
      "dashLength": 10,
      "dashes": false,
      "datasource": {
        "uid": "$datasource"
      },
      "fill": 2,
      "fillGradient": 0,
      "gridPos": {
        "h": 9,
        "w": 12,
        "x": 12,
        "y": 11
      },
      "hiddenSeries": false,
      "id": 7,
      "legend": {
        "alignAsTable": false,
        "avg": false,
        "current": false,
        "hideEmpty": true,
        "hideZero": true,
        "max": false,
        "min": false,
        "rightSide": false,
        "show": true,
        "total": false,
        "values": false
      },
      "lines": true,
      "linewidth": 2,
      "links": [],
      "minSpan": 12,
      "nullPointMode": "connected",
      "options": {
        "alertThreshold": true
      },
      "paceLength": 10,
      "percentage": false,
      "pluginVersion": "9.5.3",
      "pointradius": 5,
      "points": false,
      "renderer": "flot",
      "seriesOverrides": [],
      "spaceLength": 10,
      "span": 12,
      "stack": true,
      "steppedLine": false,
      "targets": [
        {
          "datasource": {
            "uid": "$datasource"
          },
          "expr": "sum(irate(container_network_transmit_bytes_total{cluster=\"$cluster\",namespace=~\"$namespace\", pod=~\"$pod\"}[$interval:$resolution])) by (pod)",
          "format": "time_series",
          "intervalFactor": 1,
          "legendFormat": "{{pod}}",
          "refId": "A",
          "step": 10
        }
      ],
      "thresholds": [],
      "timeRegions": [],
      "title": "Transmit Bandwidth",
      "tooltip": {
        "shared": true,
        "sort": 2,
        "value_type": "individual"
      },
      "type": "graph",
      "xaxis": {
        "mode": "time",
        "show": true,
        "values": []
      },
      "yaxes": [
        {
          "format": "Bps",
          "logBase": 1,
          "min": 0,
          "show": true
        },
        {
          "format": "Bps",
          "logBase": 1,
          "min": 0,
          "show": true
        }
      ],
      "yaxis": {
        "align": false
      }
    },
    {
      "collapse": true,
      "collapsed": true,
      "datasource": {
        "type": "prometheus",
        "uid": "prometheus"
      },
      "gridPos": {
        "h": 1,
        "w": 24,
        "x": 0,
        "y": 20
      },
      "id": 8,
      "panels": [
        {
          "aliasColors": {},
          "bars": false,
          "dashLength": 10,
          "dashes": false,
          "datasource": {
            "uid": "$datasource"
          },
          "fill": 2,
          "fillGradient": 0,
          "gridPos": {
            "h": 10,
            "w": 12,
            "x": 0,
            "y": 21
          },
          "id": 9,
          "legend": {
            "alignAsTable": false,
            "avg": false,
            "current": false,
            "hideEmpty": true,
            "hideZero": true,
            "max": false,
            "min": false,
            "rightSide": false,
            "show": true,
            "total": false,
            "values": false
          },
          "lines": true,
          "linewidth": 2,
          "links": [],
          "minSpan": 12,
          "nullPointMode": "connected",
          "paceLength": 10,
          "percentage": false,
          "pointradius": 5,
          "points": false,
          "renderer": "flot",
          "seriesOverrides": [],
          "spaceLength": 10,
          "span": 12,
          "stack": true,
          "steppedLine": false,
          "targets": [
            {
              "datasource": {
                "uid": "$datasource"
              },
              "expr": "sum(irate(container_network_receive_packets_total{cluster=\"$cluster\",namespace=~\"$namespace\", pod=~\"$pod\"}[$interval:$resolution])) by (pod)",
              "format": "time_series",
              "intervalFactor": 1,
              "legendFormat": "{{pod}}",
              "refId": "A",
              "step": 10
            }
          ],
          "thresholds": [],
          "title": "Rate of Received Packets",
          "tooltip": {
            "shared": true,
            "sort": 2,
            "value_type": "individual"
          },
          "type": "graph",
          "xaxis": {
            "mode": "time",
            "show": true,
            "values": []
          },
          "yaxes": [
            {
              "format": "pps",
              "logBase": 1,
              "min": 0,
              "show": true
            },
            {
              "format": "pps",
              "logBase": 1,
              "min": 0,
              "show": true
            }
          ]
        },
        {
          "aliasColors": {},
          "bars": false,
          "dashLength": 10,
          "dashes": false,
          "datasource": {
            "uid": "$datasource"
          },
          "fill": 2,
          "fillGradient": 0,
          "gridPos": {
            "h": 10,
            "w": 12,
            "x": 12,
            "y": 21
          },
          "id": 10,
          "legend": {
            "alignAsTable": false,
            "avg": false,
            "current": false,
            "hideEmpty": true,
            "hideZero": true,
            "max": false,
            "min": false,
            "rightSide": false,
            "show": true,
            "total": false,
            "values": false
          },
          "lines": true,
          "linewidth": 2,
          "links": [],
          "minSpan": 12,
          "nullPointMode": "connected",
          "paceLength": 10,
          "percentage": false,
          "pointradius": 5,
          "points": false,
          "renderer": "flot",
          "seriesOverrides": [],
          "spaceLength": 10,
          "span": 12,
          "stack": true,
          "steppedLine": false,
          "targets": [
            {
              "datasource": {
                "uid": "$datasource"
              },
              "expr": "sum(irate(container_network_transmit_packets_total{cluster=\"$cluster\",namespace=~\"$namespace\", pod=~\"$pod\"}[$interval:$resolution])) by (pod)",
              "format": "time_series",
              "intervalFactor": 1,
              "legendFormat": "{{pod}}",
              "refId": "A",
              "step": 10
            }
          ],
          "thresholds": [],
          "title": "Rate of Transmitted Packets",
          "tooltip": {
            "shared": true,
            "sort": 2,
            "value_type": "individual"
          },
          "type": "graph",
          "xaxis": {
            "mode": "time",
            "show": true,
            "values": []
          },
          "yaxes": [
            {
              "format": "pps",
              "logBase": 1,
              "min": 0,
              "show": true
            },
            {
              "format": "pps",
              "logBase": 1,
              "min": 0,
              "show": true
            }
          ]
        }
      ],
      "showTitle": true,
      "targets": [
        {
          "datasource": {
            "type": "prometheus",
            "uid": "prometheus"
          },
          "refId": "A"
        }
      ],
      "title": "Packets",
      "titleSize": "h6",
      "type": "row"
    },
    {
      "collapse": true,
      "collapsed": true,
      "datasource": {
        "type": "prometheus",
        "uid": "prometheus"
      },
      "gridPos": {
        "h": 1,
        "w": 24,
        "x": 0,
        "y": 21
      },
      "id": 11,
      "panels": [
        {
          "aliasColors": {},
          "bars": false,
          "dashLength": 10,
          "dashes": false,
          "datasource": {
            "uid": "$datasource"
          },
          "fill": 2,
          "fillGradient": 0,
          "gridPos": {
            "h": 10,
            "w": 12,
            "x": 0,
            "y": 32
          },
          "id": 12,
          "legend": {
            "alignAsTable": false,
            "avg": false,
            "current": false,
            "hideEmpty": true,
            "hideZero": true,
            "max": false,
            "min": false,
            "rightSide": false,
            "show": true,
            "total": false,
            "values": false
          },
          "lines": true,
          "linewidth": 2,
          "links": [],
          "minSpan": 12,
          "nullPointMode": "connected",
          "paceLength": 10,
          "percentage": false,
          "pointradius": 5,
          "points": false,
          "renderer": "flot",
          "seriesOverrides": [],
          "spaceLength": 10,
          "span": 12,
          "stack": true,
          "steppedLine": false,
          "targets": [
            {
              "datasource": {
                "uid": "$datasource"
              },
              "expr": "sum(irate(container_network_receive_packets_dropped_total{cluster=\"$cluster\",namespace=~\"$namespace\", pod=~\"$pod\"}[$interval:$resolution])) by (pod)",
              "format": "time_series",
              "intervalFactor": 1,
              "legendFormat": "{{pod}}",
              "refId": "A",
              "step": 10
            }
          ],
          "thresholds": [],
          "title": "Rate of Received Packets Dropped",
          "tooltip": {
            "shared": true,
            "sort": 2,
            "value_type": "individual"
          },
          "type": "graph",
          "xaxis": {
            "mode": "time",
            "show": true,
            "values": []
          },
          "yaxes": [
            {
              "format": "pps",
              "logBase": 1,
              "min": 0,
              "show": true
            },
            {
              "format": "pps",
              "logBase": 1,
              "min": 0,
              "show": true
            }
          ]
        },
        {
          "aliasColors": {},
          "bars": false,
          "dashLength": 10,
          "dashes": false,
          "datasource": {
            "uid": "$datasource"
          },
          "fill": 2,
          "fillGradient": 0,
          "gridPos": {
            "h": 10,
            "w": 12,
            "x": 12,
            "y": 32
          },
          "id": 13,
          "legend": {
            "alignAsTable": false,
            "avg": false,
            "current": false,
            "hideEmpty": true,
            "hideZero": true,
            "max": false,
            "min": false,
            "rightSide": false,
            "show": true,
            "total": false,
            "values": false
          },
          "lines": true,
          "linewidth": 2,
          "links": [],
          "minSpan": 12,
          "nullPointMode": "connected",
          "paceLength": 10,
          "percentage": false,
          "pointradius": 5,
          "points": false,
          "renderer": "flot",
          "seriesOverrides": [],
          "spaceLength": 10,
          "span": 12,
          "stack": true,
          "steppedLine": false,
          "targets": [
            {
              "datasource": {
                "uid": "$datasource"
              },
              "expr": "sum(irate(container_network_transmit_packets_dropped_total{cluster=\"$cluster\",namespace=~\"$namespace\", pod=~\"$pod\"}[$interval:$resolution])) by (pod)",
              "format": "time_series",
              "intervalFactor": 1,
              "legendFormat": "{{pod}}",
              "refId": "A",
              "step": 10
            }
          ],
          "thresholds": [],
          "title": "Rate of Transmitted Packets Dropped",
          "tooltip": {
            "shared": true,
            "sort": 2,
            "value_type": "individual"
          },
          "type": "graph",
          "xaxis": {
            "mode": "time",
            "show": true,
            "values": []
          },
          "yaxes": [
            {
              "format": "pps",
              "logBase": 1,
              "min": 0,
              "show": true
            },
            {
              "format": "pps",
              "logBase": 1,
              "min": 0,
              "show": true
            }
          ]
        }
      ],
      "showTitle": true,
      "targets": [
        {
          "datasource": {
            "type": "prometheus",
            "uid": "prometheus"
          },
          "refId": "A"
        }
      ],
      "title": "Errors",
      "titleSize": "h6",
      "type": "row"
    }
  ],
  "refresh": "10s",
  "schemaVersion": 38,
  "style": "dark",
  "tags": [
    "kubernetes-mixin"
  ],
  "templating": {
    "list": [
      {
        "current": {
          "selected": false,
          "text": "default",
          "value": "default"
        },
        "hide": 0,
        "includeAll": false,
        "label": "Data Source",
        "multi": false,
        "name": "datasource",
        "options": [],
        "query": "prometheus",
        "refresh": 1,
        "regex": "",
        "skipUrlSync": false,
        "type": "datasource"
      },
      {
        "current": {
          "isNone": true,
          "selected": false,
          "text": "None",
          "value": ""
        },
        "datasource": {
          "type": "prometheus",
          "uid": "$datasource"
        },
        "definition": "",
        "hide": 2,
        "includeAll": false,
        "multi": false,
        "name": "cluster",
        "options": [],
        "query": "label_values(up{job=\"kubelet\", metrics_path=\"/metrics/cadvisor\"}, cluster)",
        "refresh": 2,
        "regex": "",
        "skipUrlSync": false,
        "sort": 0,
        "tagValuesQuery": "",
        "tagsQuery": "",
        "type": "query",
        "useTags": false
      },
      {
        "allValue": ".+",
        "auto": false,
        "auto_count": 30,
        "auto_min": "10s",
        "current": {
          "selected": false,
          "text": "kube-system",
          "value": "kube-system"
        },
        "datasource": {
          "type": "prometheus",
          "uid": "$datasource"
        },
        "definition": "label_values(container_network_receive_packets_total{cluster=\"$cluster\"}, namespace)",
        "hide": 0,
        "includeAll": true,
        "multi": false,
        "name": "namespace",
        "options": [],
        "query": "label_values(container_network_receive_packets_total{cluster=\"$cluster\"}, namespace)",
        "refresh": 2,
        "regex": "",
        "skipUrlSync": false,
        "sort": 1,
        "tagValuesQuery": "",
        "tagsQuery": "",
        "type": "query",
        "useTags": false
      },
      {
        "allValue": ".+",
        "auto": false,
        "auto_count": 30,
        "auto_min": "10s",
        "current": {
          "selected": false,
          "text": "calico-kube-controllers-dd47c44c5-mxn6q",
          "value": "calico-kube-controllers-dd47c44c5-mxn6q"
        },
        "datasource": {
          "type": "prometheus",
          "uid": "$datasource"
        },
        "definition": "label_values(container_network_receive_packets_total{cluster=\"$cluster\",namespace=~\"$namespace\"}, pod)",
        "hide": 0,
        "includeAll": false,
        "multi": false,
        "name": "pod",
        "options": [],
        "query": "label_values(container_network_receive_packets_total{cluster=\"$cluster\",namespace=~\"$namespace\"}, pod)",
        "refresh": 2,
        "regex": "",
        "skipUrlSync": false,
        "sort": 1,
        "tagValuesQuery": "",
        "tagsQuery": "",
        "type": "query",
        "useTags": false
      },
      {
        "auto": false,
        "auto_count": 30,
        "auto_min": "10s",
        "current": {
          "selected": false,
          "text": "5m",
          "value": "5m"
        },
        "datasource": "$datasource",
        "hide": 0,
        "includeAll": false,
        "multi": false,
        "name": "resolution",
        "options": [
          {
            "selected": false,
            "text": "30s",
            "value": "30s"
          },
          {
            "selected": true,
            "text": "5m",
            "value": "5m"
          },
          {
            "selected": false,
            "text": "1h",
            "value": "1h"
          }
        ],
        "query": "30s,5m,1h",
        "refresh": 2,
        "regex": "",
        "skipUrlSync": false,
        "sort": 1,
        "tagValuesQuery": "",
        "tagsQuery": "",
        "type": "interval",
        "useTags": false
      },
      {
        "auto": false,
        "auto_count": 30,
        "auto_min": "10s",
        "current": {
          "selected": false,
          "text": "4h",
          "value": "4h"
        },
        "datasource": "$datasource",
        "hide": 2,
        "includeAll": false,
        "multi": false,
        "name": "interval",
        "options": [
          {
            "selected": true,
            "text": "4h",
            "value": "4h"
          }
        ],
        "query": "4h",
        "refresh": 2,
        "regex": "",
        "skipUrlSync": false,
        "sort": 1,
        "tagValuesQuery": "",
        "tagsQuery": "",
        "type": "interval",
        "useTags": false
      }
    ]
  },
  "time": {
    "from": "now-1h",
    "to": "now"
  },
  "timepicker": {
    "refresh_intervals": [
      "5s",
      "10s",
      "30s",
      "1m",
      "5m",
      "15m",
      "30m",
      "1h",
      "2h",
      "1d"
    ],
    "time_options": [
      "5m",
      "15m",
      "1h",
      "6h",
      "12h",
      "24h",
      "2d",
      "7d",
      "30d"
    ]
  },
  "timezone": "utc",
  "title": "Kubernetes / Networking / Pod",
  "uid": "7a18067ce943a40ae25454675c19ff5c",
  "version": 1,
  "weekStart": ""
}